[

{"id":79,"author":"Eagle Pcb","name":"19inch","version":3,"has_urns":true,"hub_id":104570,"hub_name":"Eagle Pcb"}
,
{"id":80,"author":"Eagle Pcb","name":"40xx","version":4,"has_urns":true,"hub_id":104570,"hub_name":"Eagle Pcb"}
,
{"id":81,"author":"Eagle Pcb","name":"41xx","version":3,"has_urns":true,"hub_id":104570,"hub_name":"Eagle Pcb"}
,
{"id":82,"author":"Eagle Pcb","name":"45xx","version":6,"has_urns":true,"hub_id":104570,"hub_name":"Eagle Pcb"}
,
{"id":83,"author":"Eagle Pcb","name":"74ac-logic","version":4,"has_urns":true,"hub_id":104570,"hub_name":"Eagle Pcb"}
,
{"id":84,"author":"Eagle Pcb","name":"74ttl-din","version":5,"has_urns":true,"hub_id":104570,"hub_name":"Eagle Pcb"}
,
{"id":85,"author":"Eagle Pcb","name":"74xx-eu","version":4,"has_urns":true,"hub_id":104570,"hub_name":"Eagle Pcb"}
,
{"id":86,"author":"Eagle Pcb","name":"74xx-little-de","version":5,"has_urns":true,"hub_id":104570,"hub_name":"Eagle Pcb"}
,
{"id":87,"author":"Eagle Pcb","name":"74xx-little-us","version":4,"has_urns":true,"hub_id":104570,"hub_name":"Eagle Pcb"}
,
{"id":88,"author":"Eagle Pcb","name":"74xx-us","version":3,"has_urns":true,"hub_id":104570,"hub_name":"Eagle Pcb"}
,
{"id":89,"author":"Eagle Pcb","name":"751xx","version":5,"has_urns":true,"hub_id":104570,"hub_name":"Eagle Pcb"}
,
{"id":90,"author":"Eagle Pcb","name":"IQD-Frequency-Products","version":2,"has_urns":true,"hub_id":104570,"hub_name":"Eagle Pcb"}
,
{"id":93,"author":"Eagle Pcb","name":"allegro","version":3,"has_urns":true,"hub_id":104570,"hub_name":"Eagle Pcb"}
,
{"id":94,"author":"Eagle Pcb","name":"altera-cyclone-II","version":2,"has_urns":true,"hub_id":104570,"hub_name":"Eagle Pcb"}
,
{"id":96,"author":"Eagle Pcb","name":"altera-stratix-iv","version":1,"has_urns":true,"hub_id":104570,"hub_name":"Eagle Pcb"}
,
{"id":97,"author":"Eagle Pcb","name":"altera","version":2,"has_urns":true,"hub_id":104570,"hub_name":"Eagle Pcb"}
,
{"id":98,"author":"Eagle Pcb","name":"am29-memory","version":3,"has_urns":true,"hub_id":104570,"hub_name":"Eagle Pcb"}
,
{"id":99,"author":"Eagle Pcb","name":"amd-mach","version":1,"has_urns":true,"hub_id":104570,"hub_name":"Eagle Pcb"}
,
{"id":102,"author":"Eagle Pcb","name":"analog-devices","version":5,"has_urns":true,"hub_id":104570,"hub_name":"Eagle Pcb"}
,
{"id":105,"author":"Eagle Pcb","name":"atmel","version":4,"has_urns":true,"hub_id":104570,"hub_name":"Eagle Pcb"}
,
{"id":107,"author":"Eagle Pcb","name":"avago","version":3,"has_urns":true,"hub_id":104570,"hub_name":"Eagle Pcb"}
,
{"id":109,"author":"Eagle Pcb","name":"battery","version":3,"has_urns":true,"hub_id":104570,"hub_name":"Eagle Pcb"}
,
{"id":111,"author":"Eagle Pcb","name":"burr-brown","version":4,"has_urns":true,"hub_id":104570,"hub_name":"Eagle Pcb"}
,
{"id":112,"author":"Eagle Pcb","name":"busbar","version":1,"has_urns":true,"hub_id":104570,"hub_name":"Eagle Pcb"}
,
{"id":113,"author":"Eagle Pcb","name":"buzzer","version":2,"has_urns":true,"hub_id":104570,"hub_name":"Eagle Pcb"}
,
{"id":116,"author":"Eagle Pcb","name":"capacitor-wima","version":2,"has_urns":true,"hub_id":104570,"hub_name":"Eagle Pcb"}
,
{"id":117,"author":"Eagle Pcb","name":"chipcard-siemens","version":1,"has_urns":true,"hub_id":104570,"hub_name":"Eagle Pcb"}
,
{"id":118,"author":"Eagle Pcb","name":"cirrus-logic","version":2,"has_urns":true,"hub_id":104570,"hub_name":"Eagle Pcb"}
,
{"id":119,"author":"Eagle Pcb","name":"con-3m","version":2,"has_urns":true,"hub_id":104570,"hub_name":"Eagle Pcb"}
,
{"id":121,"author":"Eagle Pcb","name":"con-amp-champ","version":1,"has_urns":true,"hub_id":104570,"hub_name":"Eagle Pcb"}
,
{"id":122,"author":"Eagle Pcb","name":"con-amp-micromatch","version":1,"has_urns":true,"hub_id":104570,"hub_name":"Eagle Pcb"}
,
{"id":123,"author":"Eagle Pcb","name":"con-amp-mt","version":2,"has_urns":true,"hub_id":104570,"hub_name":"Eagle Pcb"}
,
{"id":124,"author":"Eagle Pcb","name":"con-amp-mt6","version":1,"has_urns":true,"hub_id":104570,"hub_name":"Eagle Pcb"}
,
{"id":125,"author":"Eagle Pcb","name":"con-amp-quick","version":2,"has_urns":true,"hub_id":104570,"hub_name":"Eagle Pcb"}
,
{"id":126,"author":"Eagle Pcb","name":"con-amp-te","version":1,"has_urns":true,"hub_id":104570,"hub_name":"Eagle Pcb"}
,
{"id":127,"author":"Eagle Pcb","name":"con-amp","version":3,"has_urns":true,"hub_id":104570,"hub_name":"Eagle Pcb"}
,
{"id":128,"author":"Eagle Pcb","name":"con-amphenol","version":2,"has_urns":true,"hub_id":104570,"hub_name":"Eagle Pcb"}
,
{"id":129,"author":"Eagle Pcb","name":"con-avx","version":1,"has_urns":true,"hub_id":104570,"hub_name":"Eagle Pcb"}
,
{"id":130,"author":"Eagle Pcb","name":"con-berg","version":2,"has_urns":true,"hub_id":104570,"hub_name":"Eagle Pcb"}
,
{"id":132,"author":"Eagle Pcb","name":"con-chipcard-iso7816","version":1,"has_urns":true,"hub_id":104570,"hub_name":"Eagle Pcb"}
,
{"id":133,"author":"Eagle Pcb","name":"con-coax","version":2,"has_urns":true,"hub_id":104570,"hub_name":"Eagle Pcb"}
,
{"id":134,"author":"Eagle Pcb","name":"con-commcon","version":1,"has_urns":true,"hub_id":104570,"hub_name":"Eagle Pcb"}
,
{"id":135,"author":"Eagle Pcb","name":"con-conrad","version":2,"has_urns":true,"hub_id":104570,"hub_name":"Eagle Pcb"}
,
{"id":136,"author":"Eagle Pcb","name":"con-cpci","version":1,"has_urns":true,"hub_id":104570,"hub_name":"Eagle Pcb"}
,
{"id":138,"author":"Eagle Pcb","name":"con-cypressindustries","version":2,"has_urns":true,"hub_id":104570,"hub_name":"Eagle Pcb"}
,
{"id":139,"author":"Eagle Pcb","name":"con-deutsch","version":1,"has_urns":true,"hub_id":104570,"hub_name":"Eagle Pcb"}
,
{"id":140,"author":"Eagle Pcb","name":"con-dil","version":2,"has_urns":true,"hub_id":104570,"hub_name":"Eagle Pcb"}
,
{"id":141,"author":"Eagle Pcb","name":"con-ebyelectro","version":1,"has_urns":true,"hub_id":104570,"hub_name":"Eagle Pcb"}
,
{"id":143,"author":"Eagle Pcb","name":"con-erni","version":1,"has_urns":true,"hub_id":104570,"hub_name":"Eagle Pcb"}
,
{"id":144,"author":"Eagle Pcb","name":"con-faston","version":1,"has_urns":true,"hub_id":104570,"hub_name":"Eagle Pcb"}
,
{"id":145,"author":"Eagle Pcb","name":"con-fci","version":1,"has_urns":true,"hub_id":104570,"hub_name":"Eagle Pcb"}
,
{"id":147,"author":"Eagle Pcb","name":"con-garry","version":2,"has_urns":true,"hub_id":104570,"hub_name":"Eagle Pcb"}
,
{"id":148,"author":"Eagle Pcb","name":"con-harting-h","version":1,"has_urns":true,"hub_id":104570,"hub_name":"Eagle Pcb"}
,
{"id":149,"author":"Eagle Pcb","name":"con-harting-ml","version":2,"has_urns":true,"hub_id":104570,"hub_name":"Eagle Pcb"}
,
{"id":150,"author":"Eagle Pcb","name":"con-harting-v","version":1,"has_urns":true,"hub_id":104570,"hub_name":"Eagle Pcb"}
,
{"id":151,"author":"Eagle Pcb","name":"con-harting","version":2,"has_urns":true,"hub_id":104570,"hub_name":"Eagle Pcb"}
,
{"id":152,"author":"Eagle Pcb","name":"con-hirose","version":2,"has_urns":true,"hub_id":104570,"hub_name":"Eagle Pcb"}
,
{"id":153,"author":"Eagle Pcb","name":"con-hirschmann","version":2,"has_urns":true,"hub_id":104570,"hub_name":"Eagle Pcb"}
,
{"id":154,"author":"Eagle Pcb","name":"con-jack","version":2,"has_urns":true,"hub_id":104570,"hub_name":"Eagle Pcb"}
,
{"id":155,"author":"Eagle Pcb","name":"con-jae","version":1,"has_urns":true,"hub_id":104570,"hub_name":"Eagle Pcb"}
,
{"id":156,"author":"Eagle Pcb","name":"con-jst","version":2,"has_urns":true,"hub_id":104570,"hub_name":"Eagle Pcb"}
,
{"id":157,"author":"Eagle Pcb","name":"con-kycon","version":2,"has_urns":true,"hub_id":104570,"hub_name":"Eagle Pcb"}
,
{"id":158,"author":"Eagle Pcb","name":"con-kyocera-elco","version":1,"has_urns":true,"hub_id":104570,"hub_name":"Eagle Pcb"}
,
{"id":159,"author":"Eagle Pcb","name":"con-lemo","version":1,"has_urns":true,"hub_id":104570,"hub_name":"Eagle Pcb"}
,
{"id":160,"author":"Eagle Pcb","name":"con-leotronics","version":2,"has_urns":true,"hub_id":104570,"hub_name":"Eagle Pcb"}
,
{"id":161,"author":"Eagle Pcb","name":"con-lsta","version":2,"has_urns":true,"hub_id":104570,"hub_name":"Eagle Pcb"}
,
{"id":162,"author":"Eagle Pcb","name":"con-lstb","version":2,"has_urns":true,"hub_id":104570,"hub_name":"Eagle Pcb"}
,
{"id":163,"author":"Eagle Pcb","name":"con-lumberg","version":2,"has_urns":true,"hub_id":104570,"hub_name":"Eagle Pcb"}
,
{"id":164,"author":"Eagle Pcb","name":"con-ml","version":3,"has_urns":true,"hub_id":104570,"hub_name":"Eagle Pcb"}
,
{"id":165,"author":"Eagle Pcb","name":"con-molex","version":4,"has_urns":true,"hub_id":104570,"hub_name":"Eagle Pcb"}
,
{"id":166,"author":"Eagle Pcb","name":"con-neutrik_ag","version":2,"has_urns":true,"hub_id":104570,"hub_name":"Eagle Pcb"}
,
{"id":167,"author":"Eagle Pcb","name":"con-omron","version":1,"has_urns":true,"hub_id":104570,"hub_name":"Eagle Pcb"}
,
{"id":169,"author":"Eagle Pcb","name":"con-panduit","version":2,"has_urns":true,"hub_id":104570,"hub_name":"Eagle Pcb"}
,
{"id":170,"author":"Eagle Pcb","name":"con-pc","version":1,"has_urns":true,"hub_id":104570,"hub_name":"Eagle Pcb"}
,
{"id":171,"author":"Eagle Pcb","name":"con-pc104","version":1,"has_urns":true,"hub_id":104570,"hub_name":"Eagle Pcb"}
,
{"id":172,"author":"Eagle Pcb","name":"con-phoenix-254","version":2,"has_urns":true,"hub_id":104570,"hub_name":"Eagle Pcb"}
,
{"id":173,"author":"Eagle Pcb","name":"con-phoenix-3.81","version":2,"has_urns":true,"hub_id":104570,"hub_name":"Eagle Pcb"}
,
{"id":174,"author":"Eagle Pcb","name":"con-phoenix-350","version":2,"has_urns":true,"hub_id":104570,"hub_name":"Eagle Pcb"}
,
{"id":175,"author":"Eagle Pcb","name":"con-phoenix-500","version":2,"has_urns":true,"hub_id":104570,"hub_name":"Eagle Pcb"}
,
{"id":176,"author":"Eagle Pcb","name":"con-phoenix-508","version":2,"has_urns":true,"hub_id":104570,"hub_name":"Eagle Pcb"}
,
{"id":177,"author":"Eagle Pcb","name":"con-phoenix-762","version":1,"has_urns":true,"hub_id":104570,"hub_name":"Eagle Pcb"}
,
{"id":179,"author":"Eagle Pcb","name":"con-phoenix-mkds_5","version":1,"has_urns":true,"hub_id":104570,"hub_name":"Eagle Pcb"}
,
{"id":180,"author":"Eagle Pcb","name":"con-phoenix-smkdsp","version":1,"has_urns":true,"hub_id":104570,"hub_name":"Eagle Pcb"}
,
{"id":181,"author":"Eagle Pcb","name":"con-ptr500","version":2,"has_urns":true,"hub_id":104570,"hub_name":"Eagle Pcb"}
,
{"id":182,"author":"Eagle Pcb","name":"con-pulse","version":1,"has_urns":true,"hub_id":104570,"hub_name":"Eagle Pcb"}
,
{"id":183,"author":"Eagle Pcb","name":"con-rib","version":1,"has_urns":true,"hub_id":104570,"hub_name":"Eagle Pcb"}
,
{"id":184,"author":"Eagle Pcb","name":"con-samtec","version":2,"has_urns":true,"hub_id":104570,"hub_name":"Eagle Pcb"}
,
{"id":188,"author":"Eagle Pcb","name":"con-stocko","version":2,"has_urns":true,"hub_id":104570,"hub_name":"Eagle Pcb"}
,
{"id":189,"author":"Eagle Pcb","name":"con-subd","version":2,"has_urns":true,"hub_id":104570,"hub_name":"Eagle Pcb"}
,
{"id":190,"author":"Eagle Pcb","name":"con-sullinselectronics","version":1,"has_urns":true,"hub_id":104570,"hub_name":"Eagle Pcb"}
,
{"id":191,"author":"Eagle Pcb","name":"con-thomas-betts","version":2,"has_urns":true,"hub_id":104570,"hub_name":"Eagle Pcb"}
,
{"id":192,"author":"Eagle Pcb","name":"con-tyco","version":1,"has_urns":true,"hub_id":104570,"hub_name":"Eagle Pcb"}
,
{"id":193,"author":"Eagle Pcb","name":"con-tycoelectronics","version":2,"has_urns":true,"hub_id":104570,"hub_name":"Eagle Pcb"}
,
{"id":194,"author":"Eagle Pcb","name":"con-vg","version":2,"has_urns":true,"hub_id":104570,"hub_name":"Eagle Pcb"}
,
{"id":195,"author":"Eagle Pcb","name":"con-wago-500","version":2,"has_urns":true,"hub_id":104570,"hub_name":"Eagle Pcb"}
,
{"id":196,"author":"Eagle Pcb","name":"con-wago-508","version":2,"has_urns":true,"hub_id":104570,"hub_name":"Eagle Pcb"}
,
{"id":197,"author":"Eagle Pcb","name":"con-wago","version":4,"has_urns":true,"hub_id":104570,"hub_name":"Eagle Pcb"}
,
{"id":198,"author":"Eagle Pcb","name":"con-wago255","version":1,"has_urns":true,"hub_id":104570,"hub_name":"Eagle Pcb"}
,
{"id":199,"author":"Eagle Pcb","name":"con-weidmueller-sl35","version":2,"has_urns":true,"hub_id":104570,"hub_name":"Eagle Pcb"}
,
{"id":201,"author":"Eagle Pcb","name":"con-xmultiple","version":1,"has_urns":true,"hub_id":104570,"hub_name":"Eagle Pcb"}
,
{"id":202,"author":"Eagle Pcb","name":"con-yamaichi","version":2,"has_urns":true,"hub_id":104570,"hub_name":"Eagle Pcb"}
,
{"id":203,"author":"Eagle Pcb","name":"crystal-geyer_V1_0","version":1,"has_urns":true,"hub_id":104570,"hub_name":"Eagle Pcb"}
,
{"id":204,"author":"Eagle Pcb","name":"crystal","version":2,"has_urns":true,"hub_id":104570,"hub_name":"Eagle Pcb"}
,
{"id":206,"author":"Eagle Pcb","name":"cypress","version":3,"has_urns":true,"hub_id":104570,"hub_name":"Eagle Pcb"}
,
{"id":208,"author":"Eagle Pcb","name":"dc-dc-converter","version":2,"has_urns":true,"hub_id":104570,"hub_name":"Eagle Pcb"}
,
{"id":210,"author":"Eagle Pcb","name":"diode","version":8,"has_urns":true,"hub_id":104570,"hub_name":"Eagle Pcb"}
,
{"id":211,"author":"Eagle Pcb","name":"discrete","version":2,"has_urns":true,"hub_id":104570,"hub_name":"Eagle Pcb"}
,
{"id":212,"author":"Eagle Pcb","name":"display-hp","version":3,"has_urns":true,"hub_id":104570,"hub_name":"Eagle Pcb"}
,
{"id":213,"author":"Eagle Pcb","name":"display-kingbright","version":1,"has_urns":true,"hub_id":104570,"hub_name":"Eagle Pcb"}
,
{"id":214,"author":"Eagle Pcb","name":"display-lcd","version":2,"has_urns":true,"hub_id":104570,"hub_name":"Eagle Pcb"}
,
{"id":215,"author":"Eagle Pcb","name":"docu-dummy","version":2,"has_urns":true,"hub_id":104570,"hub_name":"Eagle Pcb"}
,
{"id":218,"author":"Eagle Pcb","name":"ecl","version":2,"has_urns":true,"hub_id":104570,"hub_name":"Eagle Pcb"}
,
{"id":220,"author":"Eagle Pcb","name":"etx-board","version":2,"has_urns":true,"hub_id":104570,"hub_name":"Eagle Pcb"}
,
{"id":221,"author":"Eagle Pcb","name":"exar","version":5,"has_urns":true,"hub_id":104570,"hub_name":"Eagle Pcb"}
,
{"id":222,"author":"Eagle Pcb","name":"fairchild-semic","version":3,"has_urns":true,"hub_id":104570,"hub_name":"Eagle Pcb"}
,
{"id":224,"author":"Eagle Pcb","name":"fiber-optic-hp","version":2,"has_urns":true,"hub_id":104570,"hub_name":"Eagle Pcb"}
,
{"id":226,"author":"Eagle Pcb","name":"fifo","version":2,"has_urns":true,"hub_id":104570,"hub_name":"Eagle Pcb"}
,
{"id":229,"author":"Eagle Pcb","name":"frames","version":1,"has_urns":true,"hub_id":104570,"hub_name":"Eagle Pcb"}
,
{"id":230,"author":"Eagle Pcb","name":"freescale","version":4,"has_urns":true,"hub_id":104570,"hub_name":"Eagle Pcb"}
,
{"id":231,"author":"Eagle Pcb","name":"ftdichip","version":2,"has_urns":true,"hub_id":104570,"hub_name":"Eagle Pcb"}
,
{"id":233,"author":"Eagle Pcb","name":"fuse","version":2,"has_urns":true,"hub_id":104570,"hub_name":"Eagle Pcb"}
,
{"id":234,"author":"Eagle Pcb","name":"gennum","version":1,"has_urns":true,"hub_id":104570,"hub_name":"Eagle Pcb"}
,
{"id":235,"author":"Eagle Pcb","name":"halo-electronics","version":1,"has_urns":true,"hub_id":104570,"hub_name":"Eagle Pcb"}
,
{"id":236,"author":"Eagle Pcb","name":"heatsink","version":2,"has_urns":true,"hub_id":104570,"hub_name":"Eagle Pcb"}
,
{"id":237,"author":"Eagle Pcb","name":"holes","version":2,"has_urns":true,"hub_id":104570,"hub_name":"Eagle Pcb"}
,
{"id":238,"author":"Eagle Pcb","name":"holtek","version":4,"has_urns":true,"hub_id":104570,"hub_name":"Eagle Pcb"}
,
{"id":239,"author":"Eagle Pcb","name":"ic-package","version":4,"has_urns":true,"hub_id":104570,"hub_name":"Eagle Pcb"}
,
{"id":240,"author":"Eagle Pcb","name":"inductor-coilcraft","version":2,"has_urns":true,"hub_id":104570,"hub_name":"Eagle Pcb"}
,
{"id":241,"author":"Eagle Pcb","name":"inductor-neosid","version":3,"has_urns":true,"hub_id":104570,"hub_name":"Eagle Pcb"}
,
{"id":242,"author":"Eagle Pcb","name":"inductor-nkl","version":1,"has_urns":true,"hub_id":104570,"hub_name":"Eagle Pcb"}
,
{"id":243,"author":"Eagle Pcb","name":"inductors","version":3,"has_urns":true,"hub_id":104570,"hub_name":"Eagle Pcb"}
,
{"id":244,"author":"Eagle Pcb","name":"infineon-tricore","version":2,"has_urns":true,"hub_id":104570,"hub_name":"Eagle Pcb"}
,
{"id":245,"author":"Eagle Pcb","name":"infineon","version":2,"has_urns":true,"hub_id":104570,"hub_name":"Eagle Pcb"}
,
{"id":248,"author":"Eagle Pcb","name":"ir","version":1,"has_urns":true,"hub_id":104570,"hub_name":"Eagle Pcb"}
,
{"id":250,"author":"Eagle Pcb","name":"johanson-technology","version":1,"has_urns":true,"hub_id":104570,"hub_name":"Eagle Pcb"}
,
{"id":251,"author":"Eagle Pcb","name":"jump-0r-smd","version":2,"has_urns":true,"hub_id":104570,"hub_name":"Eagle Pcb"}
,
{"id":252,"author":"Eagle Pcb","name":"jumper","version":2,"has_urns":true,"hub_id":104570,"hub_name":"Eagle Pcb"}
,
{"id":255,"author":"Eagle Pcb","name":"lc-filter","version":1,"has_urns":true,"hub_id":104570,"hub_name":"Eagle Pcb"}
,
{"id":256,"author":"Eagle Pcb","name":"led-7-segment","version":2,"has_urns":true,"hub_id":104570,"hub_name":"Eagle Pcb"}
,
{"id":258,"author":"Eagle Pcb","name":"led-lumiled","version":2,"has_urns":true,"hub_id":104570,"hub_name":"Eagle Pcb"}
,
{"id":259,"author":"Eagle Pcb","name":"led","version":5,"has_urns":true,"hub_id":104570,"hub_name":"Eagle Pcb"}
,
{"id":260,"author":"Eagle Pcb","name":"lem","version":1,"has_urns":true,"hub_id":104570,"hub_name":"Eagle Pcb"}
,
{"id":261,"author":"Eagle Pcb","name":"linear-technology","version":4,"has_urns":true,"hub_id":104570,"hub_name":"Eagle Pcb"}
,
{"id":262,"author":"Eagle Pcb","name":"linear","version":5,"has_urns":true,"hub_id":104570,"hub_name":"Eagle Pcb"}
,
{"id":263,"author":"Eagle Pcb","name":"linx","version":2,"has_urns":true,"hub_id":104570,"hub_name":"Eagle Pcb"}
,
{"id":264,"author":"Eagle Pcb","name":"logo","version":1,"has_urns":true,"hub_id":104570,"hub_name":"Eagle Pcb"}
,
{"id":265,"author":"Eagle Pcb","name":"lprs","version":1,"has_urns":true,"hub_id":104570,"hub_name":"Eagle Pcb"}
,
{"id":266,"author":"Eagle Pcb","name":"lsi-computer-systems","version":1,"has_urns":true,"hub_id":104570,"hub_name":"Eagle Pcb"}
,
{"id":267,"author":"Eagle Pcb","name":"lumiled","version":2,"has_urns":true,"hub_id":104570,"hub_name":"Eagle Pcb"}
,
{"id":269,"author":"Eagle Pcb","name":"maxim","version":4,"has_urns":true,"hub_id":104570,"hub_name":"Eagle Pcb"}
,
{"id":270,"author":"Eagle Pcb","name":"maxstream","version":2,"has_urns":true,"hub_id":104570,"hub_name":"Eagle Pcb"}
,
{"id":272,"author":"Eagle Pcb","name":"memory-hitachi","version":4,"has_urns":true,"hub_id":104570,"hub_name":"Eagle Pcb"}
,
{"id":273,"author":"Eagle Pcb","name":"memory-idt","version":4,"has_urns":true,"hub_id":104570,"hub_name":"Eagle Pcb"}
,
{"id":274,"author":"Eagle Pcb","name":"memory-micron","version":1,"has_urns":true,"hub_id":104570,"hub_name":"Eagle Pcb"}
,
{"id":275,"author":"Eagle Pcb","name":"memory-motorola-dram","version":2,"has_urns":true,"hub_id":104570,"hub_name":"Eagle Pcb"}
,
{"id":276,"author":"Eagle Pcb","name":"memory-nec","version":3,"has_urns":true,"hub_id":104570,"hub_name":"Eagle Pcb"}
,
{"id":278,"author":"Eagle Pcb","name":"memory-sram","version":4,"has_urns":true,"hub_id":104570,"hub_name":"Eagle Pcb"}
,
{"id":279,"author":"Eagle Pcb","name":"memory","version":4,"has_urns":true,"hub_id":104570,"hub_name":"Eagle Pcb"}
,
{"id":281,"author":"Eagle Pcb","name":"micrel","version":1,"has_urns":true,"hub_id":104570,"hub_name":"Eagle Pcb"}
,
{"id":283,"author":"Eagle Pcb","name":"micro-fujitsu","version":3,"has_urns":true,"hub_id":104570,"hub_name":"Eagle Pcb"}
,
{"id":284,"author":"Eagle Pcb","name":"micro-harris","version":2,"has_urns":true,"hub_id":104570,"hub_name":"Eagle Pcb"}
,
{"id":285,"author":"Eagle Pcb","name":"micro-hitachi","version":2,"has_urns":true,"hub_id":104570,"hub_name":"Eagle Pcb"}
,
{"id":287,"author":"Eagle Pcb","name":"micro-intel","version":4,"has_urns":true,"hub_id":104570,"hub_name":"Eagle Pcb"}
,
{"id":288,"author":"Eagle Pcb","name":"micro-mc68000","version":3,"has_urns":true,"hub_id":104570,"hub_name":"Eagle Pcb"}
,
{"id":289,"author":"Eagle Pcb","name":"micro-motorola","version":4,"has_urns":true,"hub_id":104570,"hub_name":"Eagle Pcb"}
,
{"id":290,"author":"Eagle Pcb","name":"micro-philips","version":4,"has_urns":true,"hub_id":104570,"hub_name":"Eagle Pcb"}
,
{"id":291,"author":"Eagle Pcb","name":"micro-renesas","version":1,"has_urns":true,"hub_id":104570,"hub_name":"Eagle Pcb"}
,
{"id":293,"author":"Eagle Pcb","name":"micro-siemens","version":3,"has_urns":true,"hub_id":104570,"hub_name":"Eagle Pcb"}
,
{"id":294,"author":"Eagle Pcb","name":"microchip","version":5,"has_urns":true,"hub_id":104570,"hub_name":"Eagle Pcb"}
,
{"id":296,"author":"Eagle Pcb","name":"micronas","version":2,"has_urns":true,"hub_id":104570,"hub_name":"Eagle Pcb"}
,
{"id":297,"author":"Eagle Pcb","name":"microphon","version":2,"has_urns":true,"hub_id":104570,"hub_name":"Eagle Pcb"}
,
{"id":298,"author":"Eagle Pcb","name":"microwave","version":1,"has_urns":true,"hub_id":104570,"hub_name":"Eagle Pcb"}
,
{"id":300,"author":"Eagle Pcb","name":"minicircuits","version":1,"has_urns":true,"hub_id":104570,"hub_name":"Eagle Pcb"}
,
{"id":302,"author":"Eagle Pcb","name":"motorola-sensor-driver","version":2,"has_urns":true,"hub_id":104570,"hub_name":"Eagle Pcb"}
,
{"id":303,"author":"Eagle Pcb","name":"murata-filter","version":1,"has_urns":true,"hub_id":104570,"hub_name":"Eagle Pcb"}
,
{"id":304,"author":"Eagle Pcb","name":"murata-sensor","version":1,"has_urns":true,"hub_id":104570,"hub_name":"Eagle Pcb"}
,
{"id":307,"author":"Eagle Pcb","name":"national-semiconductor","version":3,"has_urns":true,"hub_id":104570,"hub_name":"Eagle Pcb"}
,
{"id":312,"author":"Eagle Pcb","name":"on-semiconductor","version":3,"has_urns":true,"hub_id":104570,"hub_name":"Eagle Pcb"}
,
{"id":313,"author":"Eagle Pcb","name":"opto-honeywell-3000","version":2,"has_urns":true,"hub_id":104570,"hub_name":"Eagle Pcb"}
,
{"id":314,"author":"Eagle Pcb","name":"opto-honeywell-4000","version":4,"has_urns":true,"hub_id":104570,"hub_name":"Eagle Pcb"}
,
{"id":315,"author":"Eagle Pcb","name":"opto-honeywell","version":3,"has_urns":true,"hub_id":104570,"hub_name":"Eagle Pcb"}
,
{"id":317,"author":"Eagle Pcb","name":"opto-trans-siemens","version":3,"has_urns":true,"hub_id":104570,"hub_name":"Eagle Pcb"}
,
{"id":318,"author":"Eagle Pcb","name":"opto-transmittter-hp","version":2,"has_urns":true,"hub_id":104570,"hub_name":"Eagle Pcb"}
,
{"id":319,"author":"Eagle Pcb","name":"opto-vishay","version":2,"has_urns":true,"hub_id":104570,"hub_name":"Eagle Pcb"}
,
{"id":320,"author":"Eagle Pcb","name":"optocoupler","version":3,"has_urns":true,"hub_id":104570,"hub_name":"Eagle Pcb"}
,
{"id":322,"author":"Eagle Pcb","name":"philips-semiconductors","version":2,"has_urns":true,"hub_id":104570,"hub_name":"Eagle Pcb"}
,
{"id":323,"author":"Eagle Pcb","name":"photo-elements","version":2,"has_urns":true,"hub_id":104570,"hub_name":"Eagle Pcb"}
,
{"id":324,"author":"Eagle Pcb","name":"piher","version":2,"has_urns":true,"hub_id":104570,"hub_name":"Eagle Pcb"}
,
{"id":325,"author":"Eagle Pcb","name":"pinhead","version":4,"has_urns":true,"hub_id":104570,"hub_name":"Eagle Pcb"}
,
{"id":327,"author":"Eagle Pcb","name":"pld-intel","version":2,"has_urns":true,"hub_id":104570,"hub_name":"Eagle Pcb"}
,
{"id":328,"author":"Eagle Pcb","name":"plxtech","version":2,"has_urns":true,"hub_id":104570,"hub_name":"Eagle Pcb"}
,
{"id":331,"author":"Eagle Pcb","name":"pot","version":2,"has_urns":true,"hub_id":104570,"hub_name":"Eagle Pcb"}
,
{"id":332,"author":"Eagle Pcb","name":"ptc-ntc","version":2,"has_urns":true,"hub_id":104570,"hub_name":"Eagle Pcb"}
,
{"id":334,"author":"Eagle Pcb","name":"rcl","version":11,"has_urns":true,"hub_id":104570,"hub_name":"Eagle Pcb"}
,
{"id":335,"author":"Eagle Pcb","name":"recom-international","version":1,"has_urns":true,"hub_id":104570,"hub_name":"Eagle Pcb"}
,
{"id":336,"author":"Eagle Pcb","name":"rectifier","version":3,"has_urns":true,"hub_id":104570,"hub_name":"Eagle Pcb"}
,
{"id":337,"author":"Eagle Pcb","name":"ref-packages-longpad","version":2,"has_urns":true,"hub_id":104570,"hub_name":"Eagle Pcb"}
,
{"id":338,"author":"Eagle Pcb","name":"ref-packages","version":4,"has_urns":true,"hub_id":104570,"hub_name":"Eagle Pcb"}
,
{"id":339,"author":"Eagle Pcb","name":"relay","version":5,"has_urns":true,"hub_id":104570,"hub_name":"Eagle Pcb"}
,
{"id":341,"author":"Eagle Pcb","name":"resistor-bourns","version":3,"has_urns":true,"hub_id":104570,"hub_name":"Eagle Pcb"}
,
{"id":342,"author":"Eagle Pcb","name":"resistor-dil","version":3,"has_urns":true,"hub_id":104570,"hub_name":"Eagle Pcb"}
,
{"id":343,"author":"Eagle Pcb","name":"resistor-net","version":2,"has_urns":true,"hub_id":104570,"hub_name":"Eagle Pcb"}
,
{"id":344,"author":"Eagle Pcb","name":"resistor-power","version":2,"has_urns":true,"hub_id":104570,"hub_name":"Eagle Pcb"}
,
{"id":346,"author":"Eagle Pcb","name":"resistor-shunt","version":2,"has_urns":true,"hub_id":104570,"hub_name":"Eagle Pcb"}
,
{"id":347,"author":"Eagle Pcb","name":"resistor-sil","version":2,"has_urns":true,"hub_id":104570,"hub_name":"Eagle Pcb"}
,
{"id":350,"author":"Eagle Pcb","name":"rf-solutions","version":2,"has_urns":true,"hub_id":104570,"hub_name":"Eagle Pcb"}
,
{"id":351,"author":"Eagle Pcb","name":"rohm","version":1,"has_urns":true,"hub_id":104570,"hub_name":"Eagle Pcb"}
,
{"id":353,"author":"Eagle Pcb","name":"semicon-smd-ipc","version":5,"has_urns":true,"hub_id":104570,"hub_name":"Eagle Pcb"}
,
{"id":358,"author":"Eagle Pcb","name":"silabs","version":3,"has_urns":true,"hub_id":104570,"hub_name":"Eagle Pcb"}
,
{"id":360,"author":"Eagle Pcb","name":"sipex","version":2,"has_urns":true,"hub_id":104570,"hub_name":"Eagle Pcb"}
,
{"id":361,"author":"Eagle Pcb","name":"smd-ipc","version":3,"has_urns":true,"hub_id":104570,"hub_name":"Eagle Pcb"}
,
{"id":362,"author":"Eagle Pcb","name":"smd-special","version":3,"has_urns":true,"hub_id":104570,"hub_name":"Eagle Pcb"}
,
{"id":364,"author":"Eagle Pcb","name":"solpad","version":2,"has_urns":true,"hub_id":104570,"hub_name":"Eagle Pcb"}
,
{"id":366,"author":"Eagle Pcb","name":"special-drill","version":1,"has_urns":true,"hub_id":104570,"hub_name":"Eagle Pcb"}
,
{"id":367,"author":"Eagle Pcb","name":"special","version":3,"has_urns":true,"hub_id":104570,"hub_name":"Eagle Pcb"}
,
{"id":368,"author":"Eagle Pcb","name":"st-microelectronics","version":5,"has_urns":true,"hub_id":104570,"hub_name":"Eagle Pcb"}
,
{"id":369,"author":"Eagle Pcb","name":"stm32xx","version":1,"has_urns":true,"hub_id":104570,"hub_name":"Eagle Pcb"}
,
{"id":371,"author":"Eagle Pcb","name":"supply1","version":1,"has_urns":true,"hub_id":104570,"hub_name":"Eagle Pcb"}
,
{"id":372,"author":"Eagle Pcb","name":"supply2","version":2,"has_urns":true,"hub_id":104570,"hub_name":"Eagle Pcb"}
,
{"id":373,"author":"Eagle Pcb","name":"switch-alps","version":2,"has_urns":true,"hub_id":104570,"hub_name":"Eagle Pcb"}
,
{"id":374,"author":"Eagle Pcb","name":"switch-coto","version":2,"has_urns":true,"hub_id":104570,"hub_name":"Eagle Pcb"}
,
{"id":375,"author":"Eagle Pcb","name":"switch-dil","version":2,"has_urns":true,"hub_id":104570,"hub_name":"Eagle Pcb"}
,
{"id":376,"author":"Eagle Pcb","name":"switch-misc","version":3,"has_urns":true,"hub_id":104570,"hub_name":"Eagle Pcb"}
,
{"id":377,"author":"Eagle Pcb","name":"switch-omron","version":3,"has_urns":true,"hub_id":104570,"hub_name":"Eagle Pcb"}
,
{"id":378,"author":"Eagle Pcb","name":"switch-raychem","version":1,"has_urns":true,"hub_id":104570,"hub_name":"Eagle Pcb"}
,
{"id":379,"author":"Eagle Pcb","name":"switch-reed","version":2,"has_urns":true,"hub_id":104570,"hub_name":"Eagle Pcb"}
,
{"id":380,"author":"Eagle Pcb","name":"switch","version":3,"has_urns":true,"hub_id":104570,"hub_name":"Eagle Pcb"}
,
{"id":382,"author":"Eagle Pcb","name":"telecontrolli","version":1,"has_urns":true,"hub_id":104570,"hub_name":"Eagle Pcb"}
,
{"id":383,"author":"Eagle Pcb","name":"telefunken","version":4,"has_urns":true,"hub_id":104570,"hub_name":"Eagle Pcb"}
,
{"id":385,"author":"Eagle Pcb","name":"testpad","version":3,"has_urns":true,"hub_id":104570,"hub_name":"Eagle Pcb"}
,
{"id":386,"author":"Eagle Pcb","name":"texas-sn55-sn75","version":3,"has_urns":true,"hub_id":104570,"hub_name":"Eagle Pcb"}
,
{"id":387,"author":"Eagle Pcb","name":"texas","version":7,"has_urns":true,"hub_id":104570,"hub_name":"Eagle Pcb"}
,
{"id":388,"author":"Eagle Pcb","name":"toshiba","version":1,"has_urns":true,"hub_id":104570,"hub_name":"Eagle Pcb"}
,
{"id":389,"author":"Eagle Pcb","name":"traco-electronic","version":1,"has_urns":true,"hub_id":104570,"hub_name":"Eagle Pcb"}
,
{"id":391,"author":"Eagle Pcb","name":"trafo-hammondmfg","version":1,"has_urns":true,"hub_id":104570,"hub_name":"Eagle Pcb"}
,
{"id":392,"author":"Eagle Pcb","name":"trafo-siemens","version":1,"has_urns":true,"hub_id":104570,"hub_name":"Eagle Pcb"}
,
{"id":393,"author":"Eagle Pcb","name":"trafo-xicon","version":2,"has_urns":true,"hub_id":104570,"hub_name":"Eagle Pcb"}
,
{"id":394,"author":"Eagle Pcb","name":"trafo","version":2,"has_urns":true,"hub_id":104570,"hub_name":"Eagle Pcb"}
,
{"id":396,"author":"Eagle Pcb","name":"transistor-fet","version":5,"has_urns":true,"hub_id":104570,"hub_name":"Eagle Pcb"}
,
{"id":397,"author":"Eagle Pcb","name":"transistor-neu-to92","version":5,"has_urns":true,"hub_id":104570,"hub_name":"Eagle Pcb"}
,
{"id":398,"author":"Eagle Pcb","name":"transistor-npn","version":4,"has_urns":true,"hub_id":104570,"hub_name":"Eagle Pcb"}
,
{"id":399,"author":"Eagle Pcb","name":"transistor-pnp","version":5,"has_urns":true,"hub_id":104570,"hub_name":"Eagle Pcb"}
,
{"id":400,"author":"Eagle Pcb","name":"transistor-power","version":4,"has_urns":true,"hub_id":104570,"hub_name":"Eagle Pcb"}
,
{"id":401,"author":"Eagle Pcb","name":"transistor-small-signal","version":5,"has_urns":true,"hub_id":104570,"hub_name":"Eagle Pcb"}
,
{"id":402,"author":"Eagle Pcb","name":"transistor","version":6,"has_urns":true,"hub_id":104570,"hub_name":"Eagle Pcb"}
,
{"id":403,"author":"Eagle Pcb","name":"triac","version":3,"has_urns":true,"hub_id":104570,"hub_name":"Eagle Pcb"}
,
{"id":404,"author":"Eagle Pcb","name":"trimble","version":1,"has_urns":true,"hub_id":104570,"hub_name":"Eagle Pcb"}
,
{"id":407,"author":"Eagle Pcb","name":"uln-udn","version":3,"has_urns":true,"hub_id":104570,"hub_name":"Eagle Pcb"}
,
{"id":408,"author":"Eagle Pcb","name":"v-reg-micrel","version":3,"has_urns":true,"hub_id":104570,"hub_name":"Eagle Pcb"}
,
{"id":409,"author":"Eagle Pcb","name":"v-reg","version":4,"has_urns":true,"hub_id":104570,"hub_name":"Eagle Pcb"}
,
{"id":410,"author":"Eagle Pcb","name":"varistor","version":2,"has_urns":true,"hub_id":104570,"hub_name":"Eagle Pcb"}
,
{"id":411,"author":"Eagle Pcb","name":"wafer-scale-psd","version":2,"has_urns":true,"hub_id":104570,"hub_name":"Eagle Pcb"}
,
{"id":412,"author":"Eagle Pcb","name":"wirepad","version":2,"has_urns":true,"hub_id":104570,"hub_name":"Eagle Pcb"}
,
{"id":417,"author":"Eagle Pcb","name":"xilinx-xcv","version":1,"has_urns":true,"hub_id":104570,"hub_name":"Eagle Pcb"}
,
{"id":418,"author":"Eagle Pcb","name":"zetex","version":5,"has_urns":true,"hub_id":104570,"hub_name":"Eagle Pcb"}
,
{"id":419,"author":"Eagle Pcb","name":"zilog","version":3,"has_urns":true,"hub_id":104570,"hub_name":"Eagle Pcb"}
,
{"id":527439,"author":"Eagle Pcb","name":"ngspice-simulation","version":18,"has_urns":true,"hub_id":104570,"hub_name":"Eagle Pcb"}
,
{"id":5610454,"author":"Eagle Pcb","name":"ngspice-digital","version":2,"has_urns":true,"hub_id":104570,"hub_name":"Eagle Pcb"}
,
{"id":10015156,"author":"Eagle Pcb","name":"ref-packages-3d","version":1,"has_urns":true,"hub_id":104570,"hub_name":"Eagle Pcb"}
]
